record_id,actual_target,predicted_target,is_correct,top_3_predictions
rec_03688,Wheat,Wheat,1,Wheat:0.6205 | Bean:0.2831 | Barley:0.0858
rec_00773,Dagussa,Dagussa,1,Dagussa:0.2621 | Teff:0.2232 | Barley:0.2178
rec_01636,Pea,Teff,0,Teff:0.4720 | Wheat:0.1882 | Barley:0.1086
rec_01880,Teff,Teff,1,Teff:0.3173 | Pea:0.1566 | Sorghum:0.1388
rec_01812,Sorghum,Sorghum,1,Sorghum:0.4120 | Teff:0.2388 | Niger Seed:0.0873
rec_03106,Teff,Teff,1,Teff:0.4290 | Maize:0.1872 | Pea:0.1559
rec_03049,Teff,Maize,0,Maize:0.4415 | Dagussa:0.3126 | Teff:0.1605
rec_01422,Maize,Maize,1,Maize:0.6468 | Dagussa:0.1952 | Teff:0.0831
rec_02311,Teff,Teff,1,Teff:0.7420 | Pea:0.0886 | Wheat:0.0808
rec_00922,Maize,Teff,0,Teff:0.2179 | Maize:0.2178 | Barley:0.1752
rec_02383,Teff,Maize,0,Maize:0.4855 | Sorghum:0.1461 | Red Pepper:0.1128
rec_01562,Niger Seed,Wheat,0,Wheat:0.2486 | Barley:0.2467 | Teff:0.1819
rec_02766,Teff,Teff,1,Teff:0.4217 | Pea:0.0981 | Potato:0.0932
rec_03802,Wheat,Barley,0,Barley:0.5260 | Wheat:0.3153 | Bean:0.1551
rec_03409,Wheat,Barley,0,Barley:0.3378 | Wheat:0.2392 | Bean:0.1171
rec_02663,Teff,Teff,1,Teff:0.3253 | Pea:0.2134 | Maize:0.1231
rec_00866,Maize,Barley,0,Barley:0.2126 | Maize:0.1789 | Wheat:0.1617
rec_03676,Wheat,Wheat,1,Wheat:0.5262 | Barley:0.3278 | Bean:0.1341
rec_00331,Barley,Wheat,0,Wheat:0.2827 | Teff:0.1455 | Bean:0.1264
rec_01196,Maize,Teff,0,Teff:0.3272 | Maize:0.1990 | Wheat:0.1191
rec_03603,Wheat,Teff,0,Teff:0.2170 | Pea:0.2132 | Maize:0.1640
rec_02943,Teff,Teff,1,Teff:0.6613 | Maize:0.1086 | Pea:0.0910
rec_02370,Teff,Teff,1,Teff:0.3092 | Barley:0.1709 | Bean:0.1624
rec_02790,Teff,Teff,1,Teff:0.4773 | Barley:0.2055 | Wheat:0.1136
rec_03381,Wheat,Teff,0,Teff:0.2212 | Maize:0.2166 | Niger Seed:0.1725
rec_00689,Bean,Bean,1,Bean:0.4273 | Barley:0.2974 | Wheat:0.2343
rec_02398,Teff,Teff,1,Teff:0.5680 | Barley:0.1311 | Pea:0.0537
rec_02561,Teff,Wheat,0,Wheat:0.2983 | Teff:0.2967 | Bean:0.1077
rec_03213,Wheat,Teff,0,Teff:0.2639 | Bean:0.1896 | Wheat:0.1325
rec_02249,Teff,Maize,0,Maize:0.2157 | Teff:0.2006 | Wheat:0.1677
rec_03805,Wheat,Wheat,1,Wheat:0.5605 | Barley:0.3865 | Bean:0.0500
rec_01010,Maize,Maize,1,Maize:0.6007 | Red Pepper:0.1128 | Wheat:0.1062
rec_01461,Maize,Dagussa,0,Dagussa:0.4114 | Maize:0.2751 | Niger Seed:0.2155
rec_02535,Teff,Wheat,0,Wheat:0.2253 | Maize:0.1593 | Dagussa:0.1448
rec_03759,Wheat,Wheat,1,Wheat:0.4540 | Bean:0.3624 | Barley:0.1807
rec_03474,Wheat,Maize,0,Maize:0.3700 | Teff:0.2761 | Wheat:0.2219
rec_03710,Wheat,Barley,0,Barley:0.5001 | Wheat:0.2651 | Bean:0.2346
rec_00092,Barley,Wheat,0,Wheat:0.4473 | Bean:0.3670 | Barley:0.1836
rec_00364,Barley,Barley,1,Barley:0.2730 | Bean:0.1679 | Potato:0.1543
rec_02929,Teff,Maize,0,Maize:0.6484 | Teff:0.2238 | Dagussa:0.0426
rec_02974,Teff,Maize,0,Maize:0.5143 | Teff:0.3444 | Pea:0.0320
rec_02455,Teff,Teff,1,Teff:0.3699 | Wheat:0.1580 | Barley:0.1220
rec_01347,Maize,Maize,1,Maize:0.4660 | Dagussa:0.2558 | Teff:0.1033
rec_00507,Bean,Sorghum,0,Sorghum:0.2996 | Teff:0.2134 | Bean:0.1559
rec_02717,Teff,Teff,1,Teff:0.3303 | Sorghum:0.2477 | Barley:0.1051
rec_01201,Maize,Pea,0,Pea:0.4073 | Teff:0.2868 | Bean:0.0649
rec_03748,Wheat,Barley,0,Barley:0.4804 | Bean:0.3806 | Wheat:0.1378
rec_00504,Bean,Teff,0,Teff:0.5426 | Pea:0.2503 | Maize:0.0734
rec_02419,Teff,Teff,1,Teff:0.4478 | Pea:0.2194 | Niger Seed:0.0998
rec_00751,Bean,Wheat,0,Wheat:0.4066 | Bean:0.3199 | Barley:0.2733
rec_00271,Barley,Barley,1,Barley:0.2352 | Bean:0.2293 | Teff:0.1755
rec_03215,Wheat,Barley,0,Barley:0.4151 | Wheat:0.3307 | Bean:0.1066
rec_00870,Maize,Teff,0,Teff:0.2012 | Maize:0.1725 | Barley:0.1633
rec_02867,Teff,Teff,1,Teff:0.5227 | Barley:0.1144 | Pea:0.0920
rec_03188,Wheat,Teff,0,Teff:0.2390 | Sorghum:0.1907 | Wheat:0.1595
rec_03699,Wheat,Barley,0,Barley:0.6132 | Bean:0.1986 | Wheat:0.1882
rec_01868,Teff,Teff,1,Teff:0.4731 | Pea:0.2746 | Sorghum:0.1119
rec_03017,Teff,Pea,0,Pea:0.7553 | Teff:0.1560 | Maize:0.0420
rec_00386,Barley,Potato,0,Potato:0.2799 | Sorghum:0.2023 | Maize:0.1356
rec_02591,Teff,Bean,0,Bean:0.2005 | Wheat:0.1811 | Maize:0.1434
rec_01576,Niger Seed,Maize,0,Maize:0.4089 | Niger Seed:0.1690 | Sorghum:0.1583
rec_00167,Barley,Barley,1,Barley:0.4320 | Wheat:0.4189 | Bean:0.1488
rec_01583,Niger Seed,Maize,0,Maize:0.3153 | Niger Seed:0.2994 | Dagussa:0.1517
rec_01857,Sorghum,Potato,0,Potato:0.4102 | Maize:0.1796 | Bean:0.1658
rec_02377,Teff,Barley,0,Barley:0.1890 | Maize:0.1570 | Teff:0.1441
rec_01497,Maize,Maize,1,Maize:0.4685 | Teff:0.2135 | Niger Seed:0.1286
rec_00472,Barley,Teff,0,Teff:0.2415 | Pea:0.1787 | Barley:0.1290
rec_00681,Bean,Wheat,0,Wheat:0.6028 | Barley:0.2557 | Bean:0.1215
rec_02838,Teff,Teff,1,Teff:0.6405 | Bean:0.1254 | Wheat:0.0700
rec_02074,Teff,Teff,1,Teff:0.3249 | Pea:0.1760 | Barley:0.1050
rec_03634,Wheat,Maize,0,Maize:0.3380 | Dagussa:0.3042 | Teff:0.1315
rec_02108,Teff,Teff,1,Teff:0.2644 | Wheat:0.1466 | Niger Seed:0.1421
rec_03620,Wheat,Wheat,1,Wheat:0.3139 | Barley:0.2011 | Potato:0.0968
rec_01977,Teff,Teff,1,Teff:0.4361 | Bean:0.1702 | Pea:0.1009
rec_02570,Teff,Bean,0,Bean:0.2673 | Wheat:0.2004 | Teff:0.1971
rec_02612,Teff,Teff,1,Teff:0.3530 | Maize:0.1509 | Wheat:0.1209
rec_01458,Maize,Maize,1,Maize:0.3479 | Dagussa:0.3151 | Teff:0.2251
rec_02396,Teff,Teff,1,Teff:0.3127 | Bean:0.1960 | Niger Seed:0.1437
rec_03640,Wheat,Wheat,1,Wheat:0.5904 | Barley:0.2312 | Bean:0.1607
rec_01932,Teff,Sorghum,0,Sorghum:0.4205 | Teff:0.2306 | Bean:0.0901
rec_01885,Teff,Pea,0,Pea:0.3831 | Teff:0.3664 | Maize:0.1082
rec_00536,Bean,Wheat,0,Wheat:0.3167 | Barley:0.1680 | Potato:0.1410
rec_00344,Barley,Maize,0,Maize:0.4362 | Wheat:0.1569 | Red Pepper:0.1274
rec_01663,Pea,Teff,0,Teff:0.2472 | Bean:0.2282 | Wheat:0.2194
rec_03705,Wheat,Barley,0,Barley:0.4040 | Bean:0.3002 | Wheat:0.2948
rec_02174,Teff,Teff,1,Teff:0.4291 | Bean:0.2941 | Maize:0.0695
rec_01790,Red Pepper,Red Pepper,1,Red Pepper:0.5727 | Maize:0.1682 | Niger Seed:0.0999
rec_03110,Teff,Maize,0,Maize:0.4318 | Teff:0.3585 | Barley:0.0574
rec_00855,Maize,Bean,0,Bean:0.2538 | Potato:0.2178 | Teff:0.1289
rec_02823,Teff,Barley,0,Barley:0.2503 | Wheat:0.2330 | Teff:0.1566
rec_02381,Teff,Teff,1,Teff:0.3451 | Bean:0.1754 | Wheat:0.1690
rec_03608,Wheat,Maize,0,Maize:0.2726 | Bean:0.2425 | Teff:0.1092
rec_00100,Barley,Barley,1,Barley:0.8428 | Wheat:0.0979 | Bean:0.0582
rec_03305,Wheat,Teff,0,Teff:0.6275 | Wheat:0.1935 | Barley:0.0479
rec_03581,Wheat,Teff,0,Teff:0.7873 | Wheat:0.1319 | Barley:0.0330
rec_00496,Barley,Teff,0,Teff:0.6721 | Maize:0.1191 | Dagussa:0.0529
rec_02621,Teff,Teff,1,Teff:0.6598 | Wheat:0.1916 | Barley:0.0637
rec_02361,Teff,Teff,1,Teff:0.3319 | Bean:0.1654 | Wheat:0.1251
rec_01995,Teff,Teff,1,Teff:0.4659 | Wheat:0.1605 | Bean:0.1247
rec_02739,Teff,Teff,1,Teff:0.5146 | Wheat:0.1480 | Maize:0.1156
rec_00936,Maize,Maize,1,Maize:0.3880 | Sorghum:0.1254 | Niger Seed:0.1006
rec_03167,Wheat,Pea,0,Pea:0.2090 | Teff:0.2054 | Niger Seed:0.2014
rec_02902,Teff,Teff,1,Teff:0.2140 | Pea:0.2117 | Maize:0.1690
rec_00206,Barley,Wheat,0,Wheat:0.4634 | Barley:0.3851 | Bean:0.1509
rec_01779,Red Pepper,Sorghum,0,Sorghum:0.2681 | Niger Seed:0.1866 | Maize:0.1831
rec_03142,Wheat,Teff,0,Teff:0.2293 | Barley:0.1937 | Wheat:0.1794
rec_00583,Bean,Teff,0,Teff:0.3757 | Pea:0.1661 | Maize:0.1341
rec_01782,Red Pepper,Maize,0,Maize:0.2154 | Red Pepper:0.1843 | Wheat:0.1070
rec_01055,Maize,Maize,1,Maize:0.4270 | Teff:0.2485 | Dagussa:0.0870
rec_00428,Barley,Teff,0,Teff:0.2250 | Barley:0.2021 | Maize:0.1940
rec_01032,Maize,Maize,1,Maize:0.6447 | Wheat:0.1474 | Teff:0.0629
rec_03253,Wheat,Potato,0,Potato:0.2699 | Barley:0.1813 | Bean:0.1239
rec_01597,Niger Seed,Dagussa,0,Dagussa:0.4911 | Maize:0.2257 | Teff:0.1310
rec_00161,Barley,Barley,1,Barley:0.4405 | Wheat:0.3670 | Bean:0.1925
rec_02775,Teff,Teff,1,Teff:0.3466 | Pea:0.2346 | Barley:0.1130
rec_00532,Bean,Teff,0,Teff:0.4920 | Sorghum:0.2027 | Wheat:0.0965
rec_00853,Maize,Teff,0,Teff:0.2255 | Wheat:0.2193 | Maize:0.1907
rec_00692,Bean,Barley,0,Barley:0.6652 | Wheat:0.2092 | Bean:0.1237
rec_03412,Wheat,Barley,0,Barley:0.4228 | Teff:0.2122 | Bean:0.1202
rec_03776,Wheat,Barley,0,Barley:0.7100 | Wheat:0.1640 | Bean:0.1231
rec_01513,Maize,Maize,1,Maize:0.4816 | Niger Seed:0.1896 | Teff:0.1593
rec_03758,Wheat,Bean,0,Bean:0.4772 | Wheat:0.4636 | Barley:0.0422
rec_02326,Teff,Teff,1,Teff:0.5165 | Pea:0.1311 | Wheat:0.1249
rec_02351,Teff,Teff,1,Teff:0.5475 | Maize:0.1085 | Barley:0.0792
rec_02875,Teff,Teff,1,Teff:0.4161 | Bean:0.1807 | Niger Seed:0.1226
rec_02822,Teff,Teff,1,Teff:0.4228 | Barley:0.1984 | Bean:0.1505
rec_03126,Teff,Teff,1,Teff:0.2994 | Maize:0.2755 | Sorghum:0.1821
rec_01452,Maize,Maize,1,Maize:0.6780 | Sorghum:0.0783 | Potato:0.0625
rec_01553,Maize,Teff,0,Teff:0.3519 | Maize:0.3259 | Dagussa:0.0922
rec_00973,Maize,Maize,1,Maize:0.5810 | Sorghum:0.1466 | Wheat:0.1222
rec_00307,Barley,Teff,0,Teff:0.3529 | Wheat:0.3136 | Bean:0.1421
rec_02898,Teff,Teff,1,Teff:0.3171 | Bean:0.1984 | Maize:0.1389
rec_01966,Teff,Teff,1,Teff:0.7686 | Bean:0.0815 | Wheat:0.0495
rec_01297,Maize,Dagussa,0,Dagussa:0.4023 | Maize:0.3496 | Niger Seed:0.1551
rec_00414,Barley,Wheat,0,Wheat:0.3826 | Teff:0.2871 | Barley:0.1201
rec_01361,Maize,Maize,1,Maize:0.6297 | Dagussa:0.1600 | Teff:0.1357
rec_02263,Teff,Teff,1,Teff:0.3026 | Sorghum:0.1582 | Pea:0.1283
rec_00948,Maize,Wheat,0,Wheat:0.2282 | Sorghum:0.1932 | Maize:0.1512
rec_00467,Barley,Barley,1,Barley:0.3103 | Potato:0.2878 | Wheat:0.2768
rec_03045,Teff,Maize,0,Maize:0.4987 | Niger Seed:0.1500 | Dagussa:0.1391
rec_03246,Wheat,Teff,0,Teff:0.4123 | Barley:0.1891 | Potato:0.1104
rec_02503,Teff,Wheat,0,Wheat:0.2039 | Maize:0.1972 | Potato:0.1341
rec_02667,Teff,Teff,1,Teff:0.2695 | Wheat:0.2087 | Bean:0.1310
rec_03557,Wheat,Wheat,1,Wheat:0.3391 | Niger Seed:0.1863 | Bean:0.1318
rec_00122,Barley,Barley,1,Barley:0.7124 | Wheat:0.2341 | Bean:0.0522
rec_03007,Teff,Teff,1,Teff:0.5430 | Maize:0.1901 | Pea:0.1675
rec_02704,Teff,Bean,0,Bean:0.2929 | Teff:0.2744 | Wheat:0.1004
rec_02175,Teff,Teff,1,Teff:0.3243 | Pea:0.2357 | Maize:0.1217
rec_00035,Barley,Bean,0,Bean:0.4038 | Wheat:0.3030 | Barley:0.2923
rec_03681,Wheat,Barley,0,Barley:0.4189 | Wheat:0.3764 | Bean:0.1655
rec_00189,Barley,Barley,1,Barley:0.7116 | Wheat:0.2002 | Bean:0.0881
rec_03428,Wheat,Red Pepper,0,Red Pepper:0.3510 | Maize:0.2702 | Wheat:0.2609
rec_03575,Wheat,Teff,0,Teff:0.3046 | Wheat:0.1899 | Bean:0.1816
rec_02871,Teff,Teff,1,Teff:0.4158 | Pea:0.2428 | Bean:0.1102
rec_01345,Maize,Maize,1,Maize:0.3533 | Dagussa:0.3423 | Niger Seed:0.2166
rec_02064,Teff,Wheat,0,Wheat:0.1989 | Maize:0.1509 | Barley:0.1482
rec_02127,Teff,Maize,0,Maize:0.2214 | Teff:0.1905 | Niger Seed:0.1670
rec_00793,Dagussa,Maize,0,Maize:0.5234 | Dagussa:0.2483 | Niger Seed:0.1170
rec_00236,Barley,Maize,0,Maize:0.2948 | Teff:0.1454 | Potato:0.1264
rec_02688,Teff,Teff,1,Teff:0.4478 | Sorghum:0.1556 | Wheat:0.1049
rec_01765,Potato,Wheat,0,Wheat:0.2666 | Teff:0.2362 | Bean:0.1417
rec_01664,Pea,Pea,1,Pea:0.6719 | Teff:0.0894 | Niger Seed:0.0810
rec_00809,Dagussa,Dagussa,1,Dagussa:0.4194 | Maize:0.2939 | Teff:0.1193
rec_01293,Maize,Maize,1,Maize:0.3877 | Teff:0.2261 | Dagussa:0.1300
rec_03451,Wheat,Red Pepper,0,Red Pepper:0.2859 | Maize:0.2803 | Teff:0.1155
rec_01472,Maize,Maize,1,Maize:0.5806 | Dagussa:0.1953 | Teff:0.0939
rec_01523,Maize,Maize,1,Maize:0.2631 | Pea:0.2515 | Teff:0.2227
rec_01353,Maize,Dagussa,0,Dagussa:0.4307 | Maize:0.3352 | Teff:0.1060
rec_03047,Teff,Dagussa,0,Dagussa:0.4225 | Maize:0.3176 | Teff:0.1459
rec_00744,Bean,Barley,0,Barley:0.7858 | Wheat:0.1698 | Bean:0.0422
rec_01854,Sorghum,Wheat,0,Wheat:0.4141 | Barley:0.3821 | Maize:0.0660
rec_02179,Teff,Teff,1,Teff:0.2026 | Wheat:0.1697 | Niger Seed:0.1547
rec_02777,Teff,Maize,0,Maize:0.2868 | Teff:0.1605 | Sorghum:0.1309
rec_00519,Bean,Teff,0,Teff:0.3067 | Sorghum:0.1769 | Barley:0.1394
rec_01525,Maize,Maize,1,Maize:0.3353 | Teff:0.2707 | Dagussa:0.1180
rec_02250,Teff,Teff,1,Teff:0.3524 | Bean:0.1467 | Pea:0.1385
rec_01536,Maize,Maize,1,Maize:0.4033 | Dagussa:0.1831 | Teff:0.1618
rec_03037,Teff,Maize,0,Maize:0.3793 | Dagussa:0.2782 | Bean:0.1031
rec_01793,Red Pepper,Maize,0,Maize:0.3317 | Red Pepper:0.3243 | Teff:0.1049
rec_01999,Teff,Teff,1,Teff:0.3944 | Wheat:0.1940 | Bean:0.1322
rec_02293,Teff,Teff,1,Teff:0.4454 | Pea:0.2686 | Bean:0.0630
rec_02844,Teff,Dagussa,0,Dagussa:0.3867 | Maize:0.3100 | Niger Seed:0.0767
rec_00825,Dagussa,Maize,0,Maize:0.4963 | Dagussa:0.2709 | Teff:0.1200
rec_03262,Wheat,Maize,0,Maize:0.3356 | Potato:0.3134 | Wheat:0.0945
rec_02286,Teff,Maize,0,Maize:0.3667 | Teff:0.2098 | Wheat:0.1671
rec_01686,Pea,Teff,0,Teff:0.4578 | Pea:0.1476 | Niger Seed:0.0794
rec_00842,Maize,Teff,0,Teff:0.4156 | Wheat:0.1128 | Pea:0.1079
rec_02219,Teff,Teff,1,Teff:0.5270 | Barley:0.1223 | Bean:0.1158
rec_01594,Niger Seed,Maize,0,Maize:0.3588 | Dagussa:0.3071 | Teff:0.1244
rec_02647,Teff,Teff,1,Teff:0.7788 | Wheat:0.1125 | Barley:0.0310
rec_01335,Maize,Maize,1,Maize:0.5981 | Teff:0.2224 | Red Pepper:0.0552
rec_03567,Wheat,Wheat,1,Wheat:0.2422 | Barley:0.2177 | Potato:0.1252
rec_02528,Teff,Teff,1,Teff:0.2441 | Pea:0.1865 | Maize:0.1770
rec_01221,Maize,Dagussa,0,Dagussa:0.4404 | Maize:0.2733 | Teff:0.0780
rec_00861,Maize,Maize,1,Maize:0.2506 | Wheat:0.1863 | Potato:0.1742
rec_02415,Teff,Teff,1,Teff:0.2971 | Pea:0.2933 | Wheat:0.1182
rec_00500,Barley,Maize,0,Maize:0.4644 | Teff:0.2216 | Barley:0.0815
rec_03458,Wheat,Barley,0,Barley:0.3333 | Wheat:0.1586 | Bean:0.1108
rec_01551,Maize,Maize,1,Maize:0.2588 | Teff:0.2350 | Pea:0.2343
rec_00934,Maize,Barley,0,Barley:0.3113 | Wheat:0.1704 | Bean:0.1381
rec_00059,Barley,Barley,1,Barley:0.5213 | Wheat:0.3211 | Bean:0.1531
rec_01542,Maize,Maize,1,Maize:0.4575 | Teff:0.2194 | Pea:0.1152
rec_01450,Maize,Dagussa,0,Dagussa:0.4576 | Maize:0.3919 | Teff:0.0482
rec_02758,Teff,Pea,0,Pea:0.3917 | Teff:0.2282 | Sorghum:0.2158
rec_01559,Maize,Maize,1,Maize:0.2746 | Teff:0.1628 | Wheat:0.1244
rec_00258,Barley,Maize,0,Maize:0.3305 | Teff:0.1402 | Red Pepper:0.1220
rec_00107,Barley,Barley,1,Barley:0.4067 | Wheat:0.3408 | Bean:0.2515
rec_03109,Teff,Teff,1,Teff:0.5574 | Pea:0.1318 | Sorghum:0.0782
rec_00732,Bean,Wheat,0,Wheat:0.4986 | Barley:0.3365 | Bean:0.1635
rec_00953,Maize,Red Pepper,0,Red Pepper:0.4967 | Maize:0.2214 | Sorghum:0.1236
rec_02616,Teff,Teff,1,Teff:0.6021 | Wheat:0.3038 | Maize:0.0315
rec_02559,Teff,Sorghum,0,Sorghum:0.4016 | Teff:0.2421 | Bean:0.1417
rec_01584,Niger Seed,Maize,0,Maize:0.3244 | Niger Seed:0.2308 | Teff:0.1616
rec_01333,Maize,Maize,1,Maize:0.7586 | Dagussa:0.1179 | Teff:0.0638
rec_02178,Teff,Teff,1,Teff:0.2120 | Niger Seed:0.1676 | Maize:0.1561
rec_03762,Wheat,Bean,0,Bean:0.3991 | Barley:0.3636 | Wheat:0.2361
rec_02732,Teff,Bean,0,Bean:0.2805 | Teff:0.1858 | Potato:0.1455
rec_00604,Bean,Teff,0,Teff:0.4128 | Bean:0.1700 | Barley:0.1120
rec_02806,Teff,Teff,1,Teff:0.6773 | Pea:0.0695 | Bean:0.0650
rec_00505,Bean,Teff,0,Teff:0.5684 | Pea:0.1163 | Maize:0.0955
rec_01066,Maize,Maize,1,Maize:0.6270 | Red Pepper:0.1610 | Teff:0.0773
rec_00655,Bean,Barley,0,Barley:0.3131 | Wheat:0.2157 | Teff:0.1177
rec_02728,Teff,Teff,1,Teff:0.5410 | Wheat:0.1997 | Barley:0.0833
rec_00759,Dagussa,Maize,0,Maize:0.4828 | Teff:0.2139 | Dagussa:0.1497
rec_00277,Barley,Teff,0,Teff:0.3716 | Wheat:0.3200 | Maize:0.1084
rec_03394,Wheat,Wheat,1,Wheat:0.2281 | Teff:0.2068 | Maize:0.1918
rec_01840,Sorghum,Sorghum,1,Sorghum:0.2519 | Maize:0.2065 | Teff:0.1618
rec_01988,Teff,Teff,1,Teff:0.2579 | Bean:0.2479 | Wheat:0.2295
rec_02798,Teff,Barley,0,Barley:0.2280 | Wheat:0.1574 | Teff:0.1382
rec_02148,Teff,Teff,1,Teff:0.3504 | Bean:0.1941 | Wheat:0.1320
rec_00215,Barley,Teff,0,Teff:0.3603 | Barley:0.2115 | Wheat:0.1226
rec_01364,Maize,Maize,1,Maize:0.4890 | Teff:0.1010 | Sorghum:0.0840
rec_02200,Teff,Barley,0,Barley:0.2710 | Wheat:0.2433 | Teff:0.2006
rec_02360,Teff,Teff,1,Teff:0.2756 | Barley:0.2023 | Bean:0.1651
rec_03320,Wheat,Maize,0,Maize:0.2717 | Bean:0.2068 | Teff:0.1604
rec_03785,Wheat,Barley,0,Barley:0.5995 | Wheat:0.2342 | Bean:0.1661
rec_02733,Teff,Teff,1,Teff:0.2661 | Maize:0.1397 | Bean:0.1113
rec_01190,Maize,Wheat,0,Wheat:0.3382 | Barley:0.1583 | Maize:0.1259
rec_03194,Wheat,Wheat,1,Wheat:0.2800 | Dagussa:0.2096 | Maize:0.1243
rec_03189,Wheat,Wheat,1,Wheat:0.2873 | Maize:0.1611 | Teff:0.1439
rec_01980,Teff,Wheat,0,Wheat:0.3179 | Teff:0.2261 | Bean:0.1078
rec_00014,Barley,Barley,1,Barley:0.5554 | Wheat:0.2275 | Bean:0.1445
rec_03728,Wheat,Barley,0,Barley:0.4736 | Wheat:0.2651 | Bean:0.2519
rec_00175,Barley,Bean,0,Bean:0.4819 | Barley:0.3781 | Wheat:0.1331
rec_00546,Bean,Teff,0,Teff:0.3076 | Pea:0.2685 | Barley:0.2296
rec_01381,Maize,Maize,1,Maize:0.5400 | Dagussa:0.1684 | Teff:0.1221
rec_00832,Maize,Teff,0,Teff:0.2902 | Bean:0.2620 | Wheat:0.1678
rec_00135,Barley,Wheat,0,Wheat:0.4522 | Barley:0.4256 | Bean:0.1209
rec_03724,Wheat,Wheat,1,Wheat:0.3936 | Barley:0.3623 | Bean:0.2349
rec_01340,Maize,Maize,1,Maize:0.4458 | Dagussa:0.2988 | Niger Seed:0.1577
rec_03780,Wheat,Barley,0,Barley:0.6526 | Bean:0.2237 | Wheat:0.1237
rec_02780,Teff,Teff,1,Teff:0.4104 | Pea:0.2597 | Maize:0.0846
rec_01859,Sorghum,Maize,0,Maize:0.2359 | Wheat:0.1721 | Potato:0.1600
rec_01230,Maize,Pea,0,Pea:0.2758 | Maize:0.1801 | Teff:0.1684
rec_00346,Barley,Teff,0,Teff:0.2815 | Wheat:0.2162 | Barley:0.1434
rec_03564,Wheat,Teff,0,Teff:0.3551 | Wheat:0.3493 | Barley:0.0710
rec_02680,Teff,Bean,0,Bean:0.2791 | Teff:0.2025 | Barley:0.1723
rec_02117,Teff,Teff,1,Teff:0.3371 | Wheat:0.1855 | Pea:0.1633
rec_00242,Barley,Teff,0,Teff:0.2521 | Wheat:0.2136 | Bean:0.1667
rec_01058,Maize,Barley,0,Barley:0.2401 | Teff:0.2042 | Wheat:0.1554
rec_01746,Potato,Barley,0,Barley:0.2511 | Teff:0.2416 | Wheat:0.1378
rec_03427,Wheat,Wheat,1,Wheat:0.2945 | Barley:0.2231 | Teff:0.1691
rec_02159,Teff,Teff,1,Teff:0.4475 | Pea:0.1262 | Bean:0.1165
rec_03329,Wheat,Wheat,1,Wheat:0.5863 | Teff:0.1951 | Dagussa:0.0743
rec_01019,Maize,Maize,1,Maize:0.7005 | Teff:0.0991 | Wheat:0.0665
rec_03685,Wheat,Wheat,1,Wheat:0.4592 | Bean:0.4102 | Barley:0.1306
rec_00188,Barley,Barley,1,Barley:0.8003 | Wheat:0.1520 | Bean:0.0477
rec_00049,Barley,Barley,1,Barley:0.8940 | Wheat:0.0751 | Bean:0.0306
rec_00671,Bean,Bean,1,Bean:0.2918 | Teff:0.2362 | Wheat:0.1210
rec_02173,Teff,Teff,1,Teff:0.5326 | Wheat:0.1505 | Barley:0.1063
rec_02247,Teff,Maize,0,Maize:0.3770 | Potato:0.2546 | Wheat:0.0798
rec_01796,Sorghum,Teff,0,Teff:0.2969 | Maize:0.1646 | Sorghum:0.1095
rec_03000,Teff,Teff,1,Teff:0.4256 | Pea:0.2194 | Maize:0.2174
rec_00631,Bean,Wheat,0,Wheat:0.2185 | Teff:0.1820 | Sorghum:0.1566
rec_03563,Wheat,Wheat,1,Wheat:0.3476 | Teff:0.3014 | Barley:0.1145
rec_02356,Teff,Teff,1,Teff:0.2944 | Wheat:0.2025 | Barley:0.1243
rec_03502,Wheat,Maize,0,Maize:0.4256 | Teff:0.2463 | Dagussa:0.0931
rec_00089,Barley,Barley,1,Barley:0.7880 | Wheat:0.1624 | Bean:0.0400
rec_01858,Sorghum,Potato,0,Potato:0.4126 | Barley:0.1947 | Wheat:0.1377
rec_03808,Wheat,Barley,0,Barley:0.4512 | Wheat:0.2895 | Bean:0.2589
rec_03011,Teff,Maize,0,Maize:0.4433 | Dagussa:0.3111 | Teff:0.1742
rec_01041,Maize,Maize,1,Maize:0.4312 | Teff:0.1674 | Wheat:0.1476
rec_00766,Dagussa,Maize,0,Maize:0.3060 | Teff:0.1647 | Niger Seed:0.1574
rec_00878,Maize,Barley,0,Barley:0.3106 | Teff:0.1836 | Niger Seed:0.1113
rec_01815,Sorghum,Teff,0,Teff:0.6039 | Wheat:0.1408 | Barley:0.0744
rec_01060,Maize,Maize,1,Maize:0.3025 | Potato:0.2612 | Teff:0.1865
rec_00674,Bean,Wheat,0,Wheat:0.2997 | Teff:0.2911 | Niger Seed:0.0968
rec_02392,Teff,Teff,1,Teff:0.4211 | Bean:0.1638 | Sorghum:0.1016
rec_01164,Maize,Teff,0,Teff:0.2832 | Barley:0.1512 | Bean:0.1398
rec_00572,Bean,Teff,0,Teff:0.3165 | Bean:0.2432 | Wheat:0.1157
rec_01520,Maize,Maize,1,Maize:0.4804 | Teff:0.2674 | Dagussa:0.1210
rec_02442,Teff,Teff,1,Teff:0.6090 | Wheat:0.1559 | Barley:0.0607
rec_02154,Teff,Teff,1,Teff:0.6713 | Wheat:0.1763 | Barley:0.0599
rec_02881,Teff,Teff,1,Teff:0.5772 | Pea:0.1430 | Bean:0.1093
rec_01100,Maize,Maize,1,Maize:0.2071 | Bean:0.1590 | Wheat:0.1396
rec_03763,Wheat,Wheat,1,Wheat:0.4554 | Barley:0.3974 | Bean:0.1395
rec_01373,Maize,Maize,1,Maize:0.5991 | Dagussa:0.2870 | Teff:0.0805
rec_00938,Maize,Sorghum,0,Sorghum:0.5989 | Bean:0.1207 | Teff:0.1199
rec_03506,Wheat,Teff,0,Teff:0.3412 | Sorghum:0.2353 | Bean:0.1423
rec_03402,Wheat,Red Pepper,0,Red Pepper:0.2645 | Maize:0.2470 | Teff:0.1275
rec_02551,Teff,Teff,1,Teff:0.2674 | Barley:0.1837 | Bean:0.1717
rec_02900,Teff,Teff,1,Teff:0.3708 | Pea:0.1552 | Bean:0.1269
rec_00666,Bean,Bean,1,Bean:0.4124 | Teff:0.2165 | Maize:0.0815
rec_03199,Wheat,Wheat,1,Wheat:0.2584 | Bean:0.2249 | Teff:0.1650
rec_00873,Maize,Red Pepper,0,Red Pepper:0.2670 | Wheat:0.1391 | Barley:0.1072
rec_00388,Barley,Teff,0,Teff:0.3228 | Wheat:0.2506 | Bean:0.2251
rec_01805,Sorghum,Barley,0,Barley:0.2210 | Wheat:0.1955 | Potato:0.1709
rec_00824,Dagussa,Maize,0,Maize:0.3927 | Dagussa:0.2799 | Teff:0.1696
rec_03501,Wheat,Teff,0,Teff:0.2375 | Bean:0.2238 | Wheat:0.1692
rec_03120,Teff,Teff,1,Teff:0.5050 | Pea:0.2290 | Maize:0.0802
rec_00484,Barley,Pea,0,Pea:0.3245 | Teff:0.2591 | Maize:0.1098
rec_03571,Wheat,Barley,0,Barley:0.2778 | Teff:0.2344 | Wheat:0.1920
rec_01615,Niger Seed,Dagussa,0,Dagussa:0.2923 | Potato:0.1951 | Barley:0.1141
rec_02241,Teff,Maize,0,Maize:0.3205 | Teff:0.2436 | Niger Seed:0.1410
rec_03088,Teff,Maize,0,Maize:0.5986 | Teff:0.1326 | Dagussa:0.0529
rec_01440,Maize,Maize,1,Maize:0.4396 | Dagussa:0.3336 | Teff:0.1094
rec_02703,Teff,Wheat,0,Wheat:0.3519 | Barley:0.1747 | Teff:0.1112
rec_00329,Barley,Teff,0,Teff:0.3477 | Bean:0.2313 | Wheat:0.1216
rec_03327,Wheat,Wheat,1,Wheat:0.4443 | Teff:0.2330 | Dagussa:0.1136
rec_03666,Wheat,Wheat,1,Wheat:0.4367 | Bean:0.2886 | Barley:0.2308
rec_01952,Teff,Wheat,0,Wheat:0.4657 | Teff:0.3048 | Bean:0.0683
rec_01721,Potato,Teff,0,Teff:0.2658 | Maize:0.1568 | Bean:0.1562
rec_00643,Bean,Bean,1,Bean:0.2307 | Wheat:0.2120 | Teff:0.1120
rec_02752,Teff,Wheat,0,Wheat:0.2236 | Niger Seed:0.2179 | Teff:0.2054
rec_03446,Wheat,Barley,0,Barley:0.4011 | Wheat:0.2562 | Teff:0.1481
rec_03417,Wheat,Barley,0,Barley:0.2472 | Teff:0.1922 | Wheat:0.1701
rec_00022,Barley,Wheat,0,Wheat:0.3799 | Barley:0.3174 | Bean:0.3008
rec_03756,Wheat,Wheat,1,Wheat:0.5123 | Barley:0.3327 | Bean:0.1550
rec_00587,Bean,Barley,0,Barley:0.2597 | Teff:0.2550 | Pea:0.1642
rec_00894,Maize,Maize,1,Maize:0.4603 | Red Pepper:0.1362 | Sorghum:0.1197
rec_01101,Maize,Teff,0,Teff:0.2427 | Wheat:0.1522 | Bean:0.1502
rec_02853,Teff,Pea,0,Pea:0.4152 | Teff:0.2892 | Sorghum:0.0905
rec_00972,Maize,Potato,0,Potato:0.3167 | Maize:0.2411 | Bean:0.1151
rec_02325,Teff,Barley,0,Barley:0.3496 | Wheat:0.2794 | Teff:0.1597
rec_03487,Wheat,Wheat,1,Wheat:0.3302 | Barley:0.2393 | Potato:0.1380
rec_03388,Wheat,Teff,0,Teff:0.5054 | Wheat:0.1397 | Barley:0.1071
rec_02554,Teff,Sorghum,0,Sorghum:0.3814 | Teff:0.2998 | Wheat:0.0836
rec_02153,Teff,Bean,0,Bean:0.3472 | Teff:0.1964 | Wheat:0.1204
rec_02167,Teff,Teff,1,Teff:0.3896 | Niger Seed:0.1702 | Pea:0.1225
rec_02052,Teff,Wheat,0,Wheat:0.2409 | Maize:0.1913 | Niger Seed:0.1284
rec_03358,Wheat,Red Pepper,0,Red Pepper:0.2573 | Wheat:0.1289 | Barley:0.1248
rec_01953,Teff,Teff,1,Teff:0.6218 | Bean:0.1228 | Pea:0.0741
rec_02757,Teff,Teff,1,Teff:0.3747 | Pea:0.2748 | Wheat:0.1178
rec_01763,Potato,Wheat,0,Wheat:0.4094 | Barley:0.1825 | Maize:0.1472
rec_03595,Wheat,Teff,0,Teff:0.5664 | Wheat:0.1112 | Bean:0.1038
rec_00888,Maize,Red Pepper,0,Red Pepper:0.7187 | Maize:0.0972 | Niger Seed:0.0491
rec_00051,Barley,Barley,1,Barley:0.7184 | Wheat:0.2214 | Bean:0.0596
rec_00515,Bean,Teff,0,Teff:0.3264 | Bean:0.2541 | Maize:0.1183
rec_03659,Wheat,Wheat,1,Wheat:0.7506 | Barley:0.1410 | Bean:0.0807
rec_02785,Teff,Teff,1,Teff:0.5149 | Pea:0.2137 | Barley:0.1223
rec_00627,Bean,Maize,0,Maize:0.3589 | Teff:0.1337 | Bean:0.0947
rec_00874,Maize,Maize,1,Maize:0.2306 | Teff:0.2191 | Wheat:0.1329
rec_01080,Maize,Maize,1,Maize:0.4018 | Bean:0.1575 | Barley:0.1194
rec_01252,Maize,Maize,1,Maize:0.4214 | Dagussa:0.3649 | Niger Seed:0.0935
rec_03799,Wheat,Wheat,1,Wheat:0.4434 | Bean:0.3983 | Barley:0.1574
rec_01277,Maize,Dagussa,0,Dagussa:0.4590 | Maize:0.2984 | Teff:0.1053
rec_02441,Teff,Teff,1,Teff:0.4433 | Niger Seed:0.1428 | Pea:0.1151
rec_03631,Wheat,Teff,0,Teff:0.6258 | Maize:0.1277 | Barley:0.0828
rec_01751,Potato,Potato,1,Potato:0.5377 | Barley:0.1666 | Maize:0.0825
rec_00309,Barley,Maize,0,Maize:0.3525 | Potato:0.2495 | Red Pepper:0.1358
rec_03028,Teff,Dagussa,0,Dagussa:0.3846 | Maize:0.3289 | Niger Seed:0.1503
rec_01076,Maize,Teff,0,Teff:0.2855 | Bean:0.2819 | Barley:0.1208
rec_00190,Barley,Barley,1,Barley:0.6013 | Wheat:0.3166 | Bean:0.0811
rec_03191,Wheat,Wheat,1,Wheat:0.2973 | Bean:0.1903 | Barley:0.1335
rec_00820,Dagussa,Dagussa,1,Dagussa:0.3183 | Maize:0.2253 | Niger Seed:0.2055
rec_01665,Pea,Teff,0,Teff:0.2094 | Wheat:0.1832 | Maize:0.1795
rec_00367,Barley,Barley,1,Barley:0.2625 | Potato:0.2316 | Wheat:0.2000
rec_03469,Wheat,Wheat,1,Wheat:0.2300 | Potato:0.1979 | Barley:0.1879
rec_03731,Wheat,Barley,0,Barley:0.4806 | Wheat:0.2902 | Bean:0.2272
rec_00274,Barley,Wheat,0,Wheat:0.2303 | Bean:0.2224 | Teff:0.1850
rec_02610,Teff,Dagussa,0,Dagussa:0.3536 | Potato:0.1863 | Maize:0.1255
rec_02553,Teff,Teff,1,Teff:0.3116 | Sorghum:0.2244 | Pea:0.1257
rec_00088,Barley,Barley,1,Barley:0.4073 | Bean:0.3945 | Wheat:0.1956
rec_01509,Maize,Teff,0,Teff:0.5541 | Maize:0.2792 | Dagussa:0.0443
rec_00460,Barley,Potato,0,Potato:0.3227 | Wheat:0.1816 | Barley:0.1687
rec_02142,Teff,Teff,1,Teff:0.4052 | Wheat:0.2249 | Barley:0.0871
rec_00170,Barley,Barley,1,Barley:0.6216 | Wheat:0.2909 | Bean:0.0866
rec_01039,Maize,Maize,1,Maize:0.4175 | Teff:0.1979 | Niger Seed:0.1334
rec_00830,Maize,Maize,1,Maize:0.2115 | Wheat:0.1655 | Bean:0.1617
rec_03460,Wheat,Bean,0,Bean:0.2496 | Teff:0.2174 | Wheat:0.2149
rec_01312,Maize,Maize,1,Maize:0.6957 | Teff:0.1463 | Dagussa:0.0320
rec_03348,Wheat,Teff,0,Teff:0.5577 | Wheat:0.1978 | Bean:0.0777
rec_02740,Teff,Teff,1,Teff:0.4977 | Wheat:0.2760 | Barley:0.1008
rec_00570,Bean,Barley,0,Barley:0.1951 | Teff:0.1512 | Bean:0.1375
rec_02675,Teff,Teff,1,Teff:0.3684 | Wheat:0.1674 | Red Pepper:0.1556
rec_01985,Teff,Teff,1,Teff:0.8486 | Wheat:0.0717 | Bean:0.0246
rec_00875,Maize,Teff,0,Teff:0.2586 | Niger Seed:0.1493 | Maize:0.1217
rec_00314,Barley,Sorghum,0,Sorghum:0.3336 | Maize:0.1661 | Niger Seed:0.1417
rec_03653,Wheat,Wheat,1,Wheat:0.5301 | Barley:0.2260 | Bean:0.1313
rec_00905,Maize,Sorghum,0,Sorghum:0.2405 | Maize:0.2216 | Teff:0.1396
rec_03714,Wheat,Wheat,1,Wheat:0.4943 | Barley:0.3806 | Bean:0.1250
rec_02982,Teff,Teff,1,Teff:0.5088 | Maize:0.2399 | Pea:0.1190
rec_03530,Wheat,Bean,0,Bean:0.2626 | Maize:0.1985 | Dagussa:0.1234
rec_02211,Teff,Wheat,0,Wheat:0.2467 | Teff:0.2330 | Barley:0.1566
rec_00761,Dagussa,Maize,0,Maize:0.5627 | Teff:0.1532 | Dagussa:0.1131
rec_01591,Niger Seed,Dagussa,0,Dagussa:0.3846 | Maize:0.2933 | Teff:0.1282
rec_00650,Bean,Teff,0,Teff:0.3852 | Barley:0.1994 | Bean:0.1584
rec_02925,Teff,Teff,1,Teff:0.4440 | Maize:0.2593 | Bean:0.0952
rec_02496,Teff,Teff,1,Teff:0.3213 | Sorghum:0.2641 | Wheat:0.1144
rec_01499,Maize,Maize,1,Maize:0.4025 | Teff:0.3190 | Dagussa:0.1097
rec_00900,Maize,Maize,1,Maize:0.5389 | Teff:0.1094 | Wheat:0.0877
rec_00244,Barley,Barley,1,Barley:0.3797 | Wheat:0.1987 | Teff:0.1146
rec_03340,Wheat,Wheat,1,Wheat:0.5371 | Teff:0.2662 | Barley:0.0716
rec_03796,Wheat,Barley,0,Barley:0.6415 | Bean:0.2468 | Wheat:0.1113
rec_01400,Maize,Maize,1,Maize:0.4601 | Dagussa:0.4079 | Sorghum:0.0403
rec_00577,Bean,Potato,0,Potato:0.3867 | Maize:0.2108 | Wheat:0.0979
rec_01996,Teff,Teff,1,Teff:0.5508 | Bean:0.1377 | Wheat:0.1284
rec_01466,Maize,Maize,1,Maize:0.5294 | Dagussa:0.2029 | Teff:0.1175
rec_01494,Maize,Maize,1,Maize:0.4738 | Teff:0.3600 | Sorghum:0.0621
rec_03316,Wheat,Teff,0,Teff:0.6674 | Wheat:0.1916 | Bean:0.0591
rec_02876,Teff,Teff,1,Teff:0.5020 | Bean:0.1842 | Pea:0.0953
rec_00294,Barley,Teff,0,Teff:0.2151 | Barley:0.1952 | Wheat:0.1816
rec_00444,Barley,Wheat,0,Wheat:0.2830 | Potato:0.2318 | Barley:0.2033
rec_01538,Maize,Teff,0,Teff:0.4878 | Maize:0.2824 | Dagussa:0.0683
rec_02458,Teff,Teff,1,Teff:0.2996 | Bean:0.1448 | Niger Seed:0.1293
rec_02813,Teff,Teff,1,Teff:0.4938 | Pea:0.2632 | Bean:0.0685
rec_01572,Niger Seed,Teff,0,Teff:0.4687 | Bean:0.1577 | Wheat:0.1256
rec_02097,Teff,Bean,0,Bean:0.3977 | Teff:0.1577 | Barley:0.1372
rec_01650,Pea,Teff,0,Teff:0.4186 | Barley:0.2018 | Wheat:0.1273
rec_00880,Maize,Teff,0,Teff:0.3315 | Wheat:0.2363 | Barley:0.1001
rec_01901,Teff,Wheat,0,Wheat:0.4052 | Teff:0.3267 | Bean:0.0765
rec_02184,Teff,Wheat,0,Wheat:0.2278 | Teff:0.1607 | Barley:0.1534
rec_03175,Wheat,Potato,0,Potato:0.3190 | Barley:0.2948 | Wheat:0.2131
rec_01173,Maize,Teff,0,Teff:0.3330 | Bean:0.1597 | Barley:0.1463
rec_03258,Wheat,Barley,0,Barley:0.1965 | Maize:0.1956 | Wheat:0.1502
rec_00360,Barley,Teff,0,Teff:0.2562 | Wheat:0.2314 | Barley:0.1780
rec_01488,Maize,Maize,1,Maize:0.7368 | Teff:0.1072 | Dagussa:0.0843
rec_01498,Maize,Maize,1,Maize:0.4610 | Teff:0.2139 | Dagussa:0.1258
rec_02161,Teff,Teff,1,Teff:0.6232 | Wheat:0.1854 | Barley:0.0865
rec_02451,Teff,Teff,1,Teff:0.4143 | Pea:0.2569 | Niger Seed:0.1481
rec_00192,Barley,Barley,1,Barley:0.6611 | Wheat:0.2341 | Bean:0.0998
rec_03591,Wheat,Teff,0,Teff:0.2692 | Wheat:0.1762 | Bean:0.1633
rec_01890,Teff,Teff,1,Teff:0.5629 | Bean:0.1321 | Niger Seed:0.1200
rec_01661,Pea,Teff,0,Teff:0.3105 | Barley:0.2696 | Pea:0.1916
rec_02837,Teff,Teff,1,Teff:0.3711 | Barley:0.1796 | Wheat:0.1476
rec_01301,Maize,Maize,1,Maize:0.6725 | Teff:0.1171 | Barley:0.0672
rec_01873,Teff,Sorghum,0,Sorghum:0.2622 | Teff:0.2495 | Bean:0.1319
rec_02891,Teff,Teff,1,Teff:0.3578 | Pea:0.2578 | Wheat:0.0944
rec_02910,Teff,Teff,1,Teff:0.5213 | Pea:0.1939 | Maize:0.1464
rec_01668,Pea,Sorghum,0,Sorghum:0.2614 | Teff:0.1879 | Barley:0.1756
rec_03532,Wheat,Maize,0,Maize:0.2481 | Wheat:0.2094 | Barley:0.1595
rec_01824,Sorghum,Teff,0,Teff:0.4019 | Sorghum:0.2235 | Bean:0.1130
rec_01022,Maize,Maize,1,Maize:0.7378 | Wheat:0.0752 | Red Pepper:0.0735
rec_02486,Teff,Teff,1,Teff:0.4140 | Maize:0.2519 | Dagussa:0.1510
rec_01139,Maize,Wheat,0,Wheat:0.2921 | Barley:0.1426 | Maize:0.1191
rec_00081,Barley,Barley,1,Barley:0.7280 | Wheat:0.1540 | Bean:0.1180
rec_00896,Maize,Red Pepper,0,Red Pepper:0.4529 | Maize:0.2413 | Sorghum:0.0715
rec_02171,Teff,Teff,1,Teff:0.3344 | Barley:0.1698 | Bean:0.1125
rec_00021,Barley,Wheat,0,Wheat:0.3894 | Barley:0.3115 | Bean:0.2987
rec_00775,Dagussa,Dagussa,1,Dagussa:0.2375 | Barley:0.2366 | Teff:0.1611
rec_00103,Barley,Wheat,0,Wheat:0.5009 | Bean:0.2487 | Barley:0.2477
rec_03268,Wheat,Maize,0,Maize:0.2472 | Potato:0.2443 | Bean:0.1471
rec_01213,Maize,Maize,1,Maize:0.2163 | Teff:0.1556 | Wheat:0.1548
rec_00055,Barley,Barley,1,Barley:0.4437 | Bean:0.3564 | Wheat:0.1911
rec_01431,Maize,Maize,1,Maize:0.3464 | Teff:0.2894 | Sorghum:0.1443
rec_02949,Teff,Dagussa,0,Dagussa:0.3697 | Maize:0.2493 | Niger Seed:0.1532
rec_01959,Teff,Pea,0,Pea:0.5077 | Teff:0.2257 | Bean:0.1153
rec_03606,Wheat,Barley,0,Barley:0.2752 | Potato:0.2527 | Wheat:0.1879
rec_02025,Teff,Teff,1,Teff:0.2719 | Bean:0.2644 | Wheat:0.1509
rec_02835,Teff,Teff,1,Teff:0.3801 | Barley:0.2473 | Maize:0.0785
rec_01752,Potato,Wheat,0,Wheat:0.2419 | Dagussa:0.1718 | Maize:0.1570
rec_03202,Wheat,Wheat,1,Wheat:0.3435 | Pea:0.1452 | Teff:0.1407
rec_03152,Wheat,Bean,0,Bean:0.2460 | Teff:0.1969 | Wheat:0.1652
rec_00779,Dagussa,Maize,0,Maize:0.6760 | Teff:0.0936 | Dagussa:0.0826
rec_00459,Barley,Barley,1,Barley:0.2757 | Wheat:0.2479 | Pea:0.1040
rec_02598,Teff,Wheat,0,Wheat:0.2427 | Niger Seed:0.2062 | Teff:0.1493
rec_02769,Teff,Pea,0,Pea:0.3716 | Teff:0.3089 | Wheat:0.0804
rec_01352,Maize,Niger Seed,0,Niger Seed:0.3268 | Maize:0.3016 | Dagussa:0.2186
rec_02169,Teff,Teff,1,Teff:0.5409 | Wheat:0.1566 | Bean:0.0985
rec_00373,Barley,Teff,0,Teff:0.3184 | Barley:0.2127 | Bean:0.1711
rec_00340,Barley,Teff,0,Teff:0.2985 | Barley:0.2666 | Bean:0.1508
rec_02880,Teff,Teff,1,Teff:0.3954 | Niger Seed:0.1513 | Wheat:0.1357
rec_03618,Wheat,Teff,0,Teff:0.4105 | Wheat:0.2195 | Barley:0.1824
rec_02382,Teff,Teff,1,Teff:0.4898 | Pea:0.1384 | Barley:0.1252
rec_00722,Bean,Barley,0,Barley:0.6583 | Wheat:0.2686 | Bean:0.0707
rec_02276,Teff,Potato,0,Potato:0.2731 | Barley:0.1788 | Bean:0.1688
rec_00920,Maize,Maize,1,Maize:0.4271 | Sorghum:0.1590 | Teff:0.1508
rec_01842,Sorghum,Sorghum,1,Sorghum:0.4124 | Maize:0.1381 | Teff:0.1370
rec_02355,Teff,Teff,1,Teff:0.5876 | Pea:0.1262 | Wheat:0.1174
rec_03134,Wheat,Wheat,1,Wheat:0.4679 | Barley:0.2413 | Pea:0.0916
rec_01887,Teff,Pea,0,Pea:0.5166 | Teff:0.2489 | Maize:0.0900
rec_03080,Teff,Dagussa,0,Dagussa:0.3100 | Maize:0.2902 | Teff:0.1709
rec_00431,Barley,Teff,0,Teff:0.2566 | Barley:0.2432 | Bean:0.1355
rec_02344,Teff,Teff,1,Teff:0.3741 | Sorghum:0.1702 | Pea:0.1314
rec_00477,Barley,Wheat,0,Wheat:0.3215 | Barley:0.2699 | Bean:0.1627
rec_03288,Wheat,Teff,0,Teff:0.5187 | Wheat:0.1343 | Pea:0.1140
rec_03524,Wheat,Bean,0,Bean:0.1989 | Maize:0.1930 | Teff:0.1797
rec_00568,Bean,Sorghum,0,Sorghum:0.1961 | Maize:0.1892 | Teff:0.1849
rec_03787,Wheat,Barley,0,Barley:0.4879 | Wheat:0.4383 | Bean:0.0724
rec_01734,Potato,Potato,1,Potato:0.2312 | Wheat:0.1617 | Teff:0.1615
rec_02660,Teff,Teff,1,Teff:0.6271 | Wheat:0.2149 | Barley:0.0671
rec_00834,Maize,Maize,1,Maize:0.2209 | Bean:0.2085 | Teff:0.1665
rec_03702,Wheat,Barley,0,Barley:0.6867 | Wheat:0.1952 | Bean:0.1180
rec_01894,Teff,Teff,1,Teff:0.5585 | Bean:0.1658 | Pea:0.0705
rec_01043,Maize,Maize,1,Maize:0.4199 | Wheat:0.1692 | Sorghum:0.1323
rec_00349,Barley,Wheat,0,Wheat:0.1759 | Barley:0.1674 | Teff:0.1590
rec_02454,Teff,Teff,1,Teff:0.4699 | Pea:0.1317 | Bean:0.0766
rec_03550,Wheat,Potato,0,Potato:0.1941 | Bean:0.1739 | Barley:0.1711
rec_00723,Bean,Bean,1,Bean:0.4473 | Barley:0.2760 | Wheat:0.2744
rec_01351,Maize,Dagussa,0,Dagussa:0.4023 | Maize:0.3196 | Niger Seed:0.1592
rec_00527,Bean,Teff,0,Teff:0.4092 | Wheat:0.2208 | Bean:0.1242
rec_00150,Barley,Barley,1,Barley:0.5788 | Wheat:0.3270 | Bean:0.0908
rec_00072,Barley,Wheat,0,Wheat:0.4887 | Barley:0.4609 | Bean:0.0504
rec_00446,Barley,Pea,0,Pea:0.1973 | Niger Seed:0.1736 | Wheat:0.1699
rec_00835,Maize,Teff,0,Teff:0.2993 | Wheat:0.2312 | Maize:0.1230
rec_02017,Teff,Teff,1,Teff:0.6971 | Bean:0.0970 | Wheat:0.0655
rec_02270,Teff,Teff,1,Teff:0.2157 | Wheat:0.1923 | Barley:0.1612
rec_00253,Barley,Wheat,0,Wheat:0.2678 | Barley:0.1796 | Maize:0.1551
rec_00436,Barley,Teff,0,Teff:0.2057 | Maize:0.1798 | Bean:0.1706
rec_00547,Bean,Teff,0,Teff:0.2759 | Bean:0.2301 | Sorghum:0.1750
rec_00152,Barley,Barley,1,Barley:0.7601 | Wheat:0.1447 | Bean:0.0947
rec_02136,Teff,Teff,1,Teff:0.2168 | Wheat:0.2061 | Barley:0.1747
rec_03082,Teff,Maize,0,Maize:0.3435 | Niger Seed:0.2943 | Dagussa:0.1743
rec_01490,Maize,Maize,1,Maize:0.5961 | Dagussa:0.2683 | Teff:0.0507
rec_03219,Wheat,Teff,0,Teff:0.3372 | Bean:0.2314 | Barley:0.1505
rec_01557,Maize,Teff,0,Teff:0.3757 | Maize:0.2566 | Pea:0.1150
rec_00663,Bean,Bean,1,Bean:0.2987 | Teff:0.2170 | Barley:0.1085
rec_02177,Teff,Teff,1,Teff:0.3073 | Wheat:0.2152 | Niger Seed:0.1553
rec_02321,Teff,Barley,0,Barley:0.3408 | Teff:0.1998 | Wheat:0.1842
rec_02022,Teff,Teff,1,Teff:0.3189 | Maize:0.2524 | Wheat:0.1647
rec_01682,Pea,Wheat,0,Wheat:0.2203 | Maize:0.2040 | Teff:0.1883
rec_02997,Teff,Teff,1,Teff:0.5191 | Maize:0.1743 | Pea:0.1416
rec_02227,Teff,Teff,1,Teff:0.6105 | Wheat:0.1320 | Barley:0.0675
rec_02201,Teff,Teff,1,Teff:0.2693 | Wheat:0.1698 | Potato:0.1307
rec_02557,Teff,Pea,0,Pea:0.4774 | Teff:0.1959 | Niger Seed:0.1450
rec_00503,Barley,Maize,0,Maize:0.5979 | Teff:0.1640 | Niger Seed:0.0622
rec_03161,Wheat,Maize,0,Maize:0.2997 | Teff:0.1681 | Wheat:0.1508
rec_00883,Maize,Red Pepper,0,Red Pepper:0.1961 | Wheat:0.1368 | Barley:0.1290
rec_00852,Maize,Teff,0,Teff:0.2195 | Bean:0.1857 | Sorghum:0.1334
rec_01888,Teff,Wheat,0,Wheat:0.5057 | Teff:0.3498 | Bean:0.0298
rec_03593,Wheat,Barley,0,Barley:0.2608 | Potato:0.2457 | Wheat:0.2264
rec_01108,Maize,Maize,1,Maize:0.2558 | Teff:0.1680 | Wheat:0.1178
rec_03430,Wheat,Bean,0,Bean:0.2396 | Barley:0.1974 | Wheat:0.1886
rec_01606,Niger Seed,Teff,0,Teff:0.2132 | Pea:0.1730 | Maize:0.1363
rec_03473,Wheat,Teff,0,Teff:0.3504 | Pea:0.1542 | Barley:0.1363
rec_01187,Maize,Teff,0,Teff:0.2951 | Maize:0.1612 | Sorghum:0.1237
rec_02671,Teff,Barley,0,Barley:0.2131 | Wheat:0.2046 | Teff:0.1738
rec_00320,Barley,Teff,0,Teff:0.3907 | Sorghum:0.1594 | Niger Seed:0.1163
rec_00053,Barley,Barley,1,Barley:0.5832 | Wheat:0.2492 | Bean:0.1620
rec_01407,Maize,Maize,1,Maize:0.3903 | Dagussa:0.3356 | Niger Seed:0.1345
rec_03391,Wheat,Barley,0,Barley:0.1985 | Maize:0.1743 | Wheat:0.1743
rec_02031,Teff,Teff,1,Teff:0.4768 | Bean:0.1779 | Wheat:0.1684
rec_02018,Teff,Teff,1,Teff:0.3474 | Pea:0.2127 | Maize:0.1852
rec_00345,Barley,Wheat,0,Wheat:0.2455 | Bean:0.2286 | Barley:0.1923
rec_02379,Teff,Teff,1,Teff:0.4430 | Wheat:0.2427 | Pea:0.0987
rec_01130,Maize,Niger Seed,0,Niger Seed:0.1988 | Wheat:0.1717 | Pea:0.1661
rec_02710,Teff,Teff,1,Teff:0.4281 | Pea:0.1917 | Barley:0.1031
rec_01192,Maize,Teff,0,Teff:0.2491 | Wheat:0.1576 | Barley:0.1478
rec_01992,Teff,Pea,0,Pea:0.4955 | Teff:0.2695 | Bean:0.1669
rec_02761,Teff,Pea,0,Pea:0.2488 | Teff:0.2174 | Barley:0.1586
rec_03300,Wheat,Teff,0,Teff:0.5890 | Wheat:0.1517 | Niger Seed:0.0792
rec_02618,Teff,Teff,1,Teff:0.4284 | Wheat:0.2119 | Maize:0.1014
rec_03558,Wheat,Teff,0,Teff:0.6780 | Wheat:0.1896 | Maize:0.0371
rec_02083,Teff,Teff,1,Teff:0.3689 | Sorghum:0.1692 | Wheat:0.1242
rec_01177,Maize,Wheat,0,Wheat:0.3212 | Maize:0.1691 | Barley:0.1426
rec_01671,Pea,Maize,0,Maize:0.4568 | Teff:0.2393 | Dagussa:0.1165
rec_00913,Maize,Red Pepper,0,Red Pepper:0.1917 | Potato:0.1805 | Wheat:0.1305
rec_00316,Barley,Teff,0,Teff:0.2917 | Barley:0.2243 | Bean:0.1128
rec_01232,Maize,Maize,1,Maize:0.3467 | Dagussa:0.3360 | Niger Seed:0.1590
rec_00682,Bean,Wheat,0,Wheat:0.6263 | Barley:0.2130 | Bean:0.1447
rec_02577,Teff,Teff,1,Teff:0.7140 | Wheat:0.1676 | Bean:0.0501
rec_01703,Pea,Teff,0,Teff:0.3371 | Pea:0.2411 | Bean:0.1582
rec_03488,Wheat,Wheat,1,Wheat:0.5325 | Barley:0.2520 | Maize:0.0579
rec_00740,Bean,Bean,1,Bean:0.4510 | Barley:0.3752 | Wheat:0.1732
rec_01714,Pea,Barley,0,Barley:0.2871 | Teff:0.2510 | Wheat:0.1790
rec_01676,Pea,Teff,0,Teff:0.2639 | Niger Seed:0.2235 | Sorghum:0.2203
rec_00664,Bean,Pea,0,Pea:0.3615 | Teff:0.2086 | Maize:0.1485
rec_01642,Pea,Pea,1,Pea:0.4999 | Teff:0.1370 | Niger Seed:0.1105
rec_03090,Teff,Maize,0,Maize:0.4071 | Teff:0.2888 | Red Pepper:0.0759
rec_00265,Barley,Barley,1,Barley:0.4006 | Wheat:0.2403 | Maize:0.1147
rec_01084,Maize,Maize,1,Maize:0.4158 | Wheat:0.1395 | Sorghum:0.1370
rec_02474,Teff,Teff,1,Teff:0.3665 | Maize:0.1766 | Barley:0.1191
rec_02444,Teff,Wheat,0,Wheat:0.2490 | Barley:0.2219 | Teff:0.1842
rec_00264,Barley,Barley,1,Barley:0.3031 | Wheat:0.1952 | Teff:0.1768
rec_00599,Bean,Maize,0,Maize:0.3737 | Teff:0.2829 | Barley:0.1642
rec_00131,Barley,Barley,1,Barley:0.4837 | Bean:0.3191 | Wheat:0.1932
rec_03450,Wheat,Teff,0,Teff:0.2738 | Bean:0.1699 | Wheat:0.1515
